{
  "val_loss": 7.150295536488868,
  "perplexity": 1274.4825556207375
}