{
  "val_loss": 7.1877041673075714,
  "perplexity": 1323.0621866853055
}