{
  "val_loss": 7.031562393475748,
  "perplexity": 1131.7975426015257
}