{
  "val_loss": 7.096190370736732,
  "perplexity": 1207.358712907581
}