{
  "val_loss": 7.1420166969299315,
  "perplexity": 1263.9748747397527
}