{
  "val_loss": 7.154009246826172,
  "perplexity": 1279.2244141569574
}