{
  "val_loss": 6.900054777983818,
  "perplexity": 992.3290719020906
}