{
  "val_loss": 7.023634630827895,
  "perplexity": 1122.8603929268832
}