{
  "val_loss": 7.098976294199626,
  "perplexity": 1210.727011606637
}