{
  "val_loss": 7.089141686757405,
  "perplexity": 1198.8783457162685
}