{
  "val_loss": 6.843873691558838,
  "perplexity": 938.1160776960785
}