{
  "val_loss": 6.893495273590088,
  "perplexity": 985.8411869128581
}