{
  "val_loss": 7.028325748443604,
  "perplexity": 1128.1402375996913
}