{
  "val_loss": 6.968342399597168,
  "perplexity": 1062.4601557206167
}