{
  "val_loss": 6.726032574971517,
  "perplexity": 833.832526776218
}