{
  "val_loss": 6.730357646942139,
  "perplexity": 837.4467226606268
}