{
  "val_loss": 7.165741761525472,
  "perplexity": 1294.321322573598
}