{
  "val_loss": 7.169654528299968,
  "perplexity": 1299.3956208390655
}